Person ID,First name,Last name,Party,Constituency,URI
24853,Julian,Sturdy,Conservative,York Outer,https://www.theyworkforyou.com/mp/24853/julian_sturdy/york_outer
10029,Hugh,Bayley,Labour,York Central,https://www.theyworkforyou.com/mp/10029/hugh_bayley/york_central
11148,Albert,Owen,Labour,Ynys MÙn,https://www.theyworkforyou.com/mp/11148/albert_owen/ynys_mon
11036,David,Laws,Liberal Democrat,Yeovil,https://www.theyworkforyou.com/mp/11036/david_laws/yeovil
10232,Paul,Goggins,Labour,Wythenshawe and Sale East,https://www.theyworkforyou.com/mp/10232/paul_goggins/wythenshawe_and_sale_east
24824,Mark,Garnier,Conservative,Wyre Forest,https://www.theyworkforyou.com/mp/24824/mark_garnier/wyre_forest
11668,Ben,Wallace,Conservative,Wyre and Preston North,https://www.theyworkforyou.com/mp/11668/ben_wallace/wyre_and_preston_north
24786,Steven,Baker,Conservative,Wycombe,https://www.theyworkforyou.com/mp/24786/steven_baker/wycombe
11057,Ian,Lucas,Labour,Wrexham,https://www.theyworkforyou.com/mp/11057/ian_lucas/wrexham
10057,Peter,Bottomley,Conservative,Worthing West,https://www.theyworkforyou.com/mp/10057/peter_bottomley/worthing_west
11943,Barbara,Keeley,Labour,Worsley and Eccles South,https://www.theyworkforyou.com/mp/11943/barbara_keeley/worsley_and_eccles_south
10834,Tony,Cunningham,Labour,Workington,https://www.theyworkforyou.com/mp/10834/tony_cunningham/workington
24862,Robin,Walker,Conservative,Worcester,https://www.theyworkforyou.com/mp/24862/robin_walker/worcester
24886,Paul,Uppal,Conservative,Wolverhampton South West,https://www.theyworkforyou.com/mp/24886/paul_uppal/wolverhampton_south_west
11936,Pat,McFadden,Labour,Wolverhampton South East,https://www.theyworkforyou.com/mp/11936/pat_mcfadden/wolverhampton_south_east
24868,Emma,Reynolds,Labour,Wolverhampton North East,https://www.theyworkforyou.com/mp/24868/emma_reynolds/wolverhampton_north_east
10499,John,Redwood,Conservative,Wokingham,https://www.theyworkforyou.com/mp/10499/john_redwood/wokingham
24884,Jonathan,Lord,Conservative,Woking,https://www.theyworkforyou.com/mp/24884/jonathan_lord/woking
10777,David,Cameron,Conservative,Witney,https://www.theyworkforyou.com/mp/10777/david_cameron/witney
24778,Priti,Patel,Conservative,Witham,https://www.theyworkforyou.com/mp/24778/priti_patel/witham
24882,Esther,McVey,Conservative,Wirral West,https://www.theyworkforyou.com/mp/24882/esther_mcvey/wirral_west
24897,Alison,McGovern,Labour,Wirral South,https://www.theyworkforyou.com/mp/24897/alison_mcgovern/wirral_south
11929,Adam,Afriyie,Conservative,Windsor,https://www.theyworkforyou.com/mp/11929/adam_afriyie/windsor
24901,Steve,Brine,Conservative,Winchester,https://www.theyworkforyou.com/mp/24901/steve_brine/winchester
11927,Stephen,Hammond,Conservative,Wimbledon,https://www.theyworkforyou.com/mp/11927/stephen_hammond/wimbledon
24831,Lisa,Nandy,Labour,Wigan,https://www.theyworkforyou.com/mp/24831/lisa_nandy/wigan
11924,John,Penrose,Conservative,Weston-Super-Mare,https://www.theyworkforyou.com/mp/11924/john_penrose/weston-super-mare
11923,Tim,Farron,Liberal Democrat,Westmorland and Lonsdale,https://www.theyworkforyou.com/mp/11923/tim_farron/westmorland_and_lonsdale
10075,Karen,Buck,Labour,Westminster North,https://www.theyworkforyou.com/mp/10075/karen_buck/westminster_north
24785,Harriett,Baldwin,Conservative,West Worcestershire,https://www.theyworkforyou.com/mp/24785/harriett_baldwin/west_worcestershire
10858,Pat,Doherty,Sinn Fein,West Tyrone,https://www.theyworkforyou.com/mp/10858/pat_doherty/west_tyrone
24773,Matthew,Hancock,Conservative,West Suffolk,https://www.theyworkforyou.com/mp/24773/matthew_hancock/west_suffolk
11667,Rosie,Cooper,Labour,West Lancashire,https://www.theyworkforyou.com/mp/11667/rosie_cooper/west_lancashire
11921,Lyn,Brown,Labour,West Ham,https://www.theyworkforyou.com/mp/11921/lyn_brown/west_ham
24918,Gemma,Doyle,Labour,West Dunbartonshire,https://www.theyworkforyou.com/mp/24918/gemma_doyle/west_dunbartonshire
10355,Oliver,Letwin,Conservative,West Dorset,https://www.theyworkforyou.com/mp/10355/oliver_letwin/west_dorset
10683,Adrian,Bailey,Labour,West Bromwich West,https://www.theyworkforyou.com/mp/10683/adrian_bailey/west_bromwich_west
11309,Tom,Watson,Labour,West Bromwich East,https://www.theyworkforyou.com/mp/11309/tom_watson/west_bromwich_east
10552,Robert,Smith,Liberal Democrat,West Aberdeenshire and Kincardine,https://www.theyworkforyou.com/mp/10552/robert_smith/west_aberdeenshire_and_kincardine
10268,John,Healey,Labour,Wentworth and Dearne,https://www.theyworkforyou.com/mp/10268/john_healey/wentworth_and_dearne
11917,Grant,Shapps,Conservative,Welwyn Hatfield,https://www.theyworkforyou.com/mp/11917/grant_shapps/welwyn_hatfield
24942,Tessa,Munt,Liberal Democrat,Wells,https://www.theyworkforyou.com/mp/24942/tessa_munt/wells
11915,Peter,Bone,Conservative,Wellingborough,https://www.theyworkforyou.com/mp/11915/peter_bone/wellingborough
24883,Graham,Evans,Conservative,Weaver Vale,https://www.theyworkforyou.com/mp/24883/graham_evans/weaver_vale
10955,Charles,Hendry,Conservative,Wealden,https://www.theyworkforyou.com/mp/10955/charles_hendry/wealden
24904,Peter,Aldous,Conservative,Waveney,https://www.theyworkforyou.com/mp/24904/peter_aldous/waveney
24954,Richard,Harrington,Conservative,Watford,https://www.theyworkforyou.com/mp/24954/richard_harrington/watford
11592,Sharon,Hodgson,Labour,Washington and Sunderland West,https://www.theyworkforyou.com/mp/11592/sharon_hodgson/washington_and_sunderland_west
24959,Chris,White,Conservative,Warwick and Leamington,https://www.theyworkforyou.com/mp/24959/chris_white/warwick_and_leamington
24932,David,Mowat,Conservative,Warrington South,https://www.theyworkforyou.com/mp/24932/david_mowat/warrington_south
10319,Helen,Jones,Labour,Warrington North,https://www.theyworkforyou.com/mp/10319/helen_jones/warrington_north
10558,John,Spellar,Labour,Warley,https://www.theyworkforyou.com/mp/10558/john_spellar/warley
11905,Ed,Vaizey,Conservative,Wantage,https://www.theyworkforyou.com/mp/11905/ed_vaizey/wantage
24963,Ian,Lavery,Labour,Wansbeck,https://www.theyworkforyou.com/mp/24963/ian_lavery/wansbeck
24949,Stella,Creasy,Labour,Walthamstow,https://www.theyworkforyou.com/mp/24949/stella_creasy/walthamstow
24852,Valerie,Vaz,Labour,Walsall South,https://www.theyworkforyou.com/mp/24852/valerie_vaz/walsall_south
10645,David,Winnick,Labour,Walsall North,https://www.theyworkforyou.com/mp/10645/david_winnick/walsall_north
10182,Angela,Eagle,Labour,Wallasey,https://www.theyworkforyou.com/mp/10182/angela_eagle/wallasey
11898,Mary,Creagh,Labour,Wakefield,https://www.theyworkforyou.com/mp/11898/mary_creagh/wakefield
10282,Kate,Hoey,Labour,Vauxhall,https://www.theyworkforyou.com/mp/10282/kate_hoey/vauxhall
24740,Alun,Cairns,Conservative,Vale of Glamorgan,https://www.theyworkforyou.com/mp/24740/alun_cairns/vale_of_glamorgan
10518,Chris,Ruane,Labour,Vale of Clwyd,https://www.theyworkforyou.com/mp/10518/chris_ruane/vale_of_clwyd
10660,John,Randall,Conservative,Uxbridge and South Ruislip,https://www.theyworkforyou.com/mp/10660/john_randall/uxbridge_and_south_ruislip
11892,David,Simpson,DUP,Upper Bann,https://www.theyworkforyou.com/mp/11892/david_simpson/upper_bann
10086,Alan,Campbell,Labour,Tynemouth,https://www.theyworkforyou.com/mp/10086/alan_campbell/tynemouth
10084,Vincent,Cable,Liberal Democrat,Twickenham,https://www.theyworkforyou.com/mp/10084/vincent_cable/twickenham
11884,Greg,Clark,Conservative,Tunbridge Wells,https://www.theyworkforyou.com/mp/11884/greg_clark/tunbridge_wells
24948,Sarah,Newton,Conservative,Truro and Falmouth,https://www.theyworkforyou.com/mp/24948/sarah_newton/truro_and_falmouth
10678,David,Lammy,Labour,Tottenham,https://www.theyworkforyou.com/mp/10678/david_lammy/tottenham
24761,Sarah,Wollaston,Conservative,Totnes,https://www.theyworkforyou.com/mp/24761/sarah_wollaston/totnes
11541,Geoffrey,Cox,Conservative,Torridge and West Devon,https://www.theyworkforyou.com/mp/11541/geoffrey_cox/torridge_and_west_devon
10454,Paul,Murphy,Labour,Torfaen,https://www.theyworkforyou.com/mp/10454/paul_murphy/torfaen
10527,Adrian,Sanders,Liberal Democrat,Torbay,https://www.theyworkforyou.com/mp/10527/adrian_sanders/torbay
11878,Sadiq,Khan,Labour,Tooting,https://www.theyworkforyou.com/mp/11878/sadiq_khan/tooting
10563,John,Stanley,Conservative,Tonbridge and Malling,https://www.theyworkforyou.com/mp/10563/john_stanley/tonbridge_and_malling
24779,Neil,Parish,Conservative,Tiverton and Honiton,https://www.theyworkforyou.com/mp/24779/neil_parish/tiverton_and_honiton
24957,Jackie,Doyle-Price,Conservative,Thurrock,https://www.theyworkforyou.com/mp/24957/jackie_doyle-price/thurrock
10626,Steve,Webb,Liberal Democrat,Thornbury and Yate,https://www.theyworkforyou.com/mp/10626/steve_webb/thornbury_and_yate
11946,Mark,Pritchard,Conservative,The Wrekin,https://www.theyworkforyou.com/mp/11946/mark_pritchard/the_wrekin
10119,Geoffrey,Clifton-Brown,Conservative,The Cotswolds,https://www.theyworkforyou.com/mp/10119/geoffrey_clifton-brown/the_cotswolds
10505,Laurence,Robertson,Conservative,Tewkesbury,https://www.theyworkforyou.com/mp/10505/laurence_robertson/tewkesbury
11340,David,Wright,Labour,Telford,https://www.theyworkforyou.com/mp/11340/david_wright/telford
11869,Jeremy,Browne,Liberal Democrat,Taunton Deane,https://www.theyworkforyou.com/mp/11869/jeremy_browne/taunton_deane
11145,George,Osborne,Conservative,Tatton,https://www.theyworkforyou.com/mp/11145/george_osborne/tatton
24747,Christopher,Pincher,Conservative,Tamworth,https://www.theyworkforyou.com/mp/24747/christopher_pincher/tamworth
10159,Geraint,Davies,Labour,Swansea West,https://www.theyworkforyou.com/mp/10159/geraint_davies/swansea_west
11863,Siân,James,Labour,Swansea East,https://www.theyworkforyou.com/mp/11863/si%C3%A2n_james/swansea_east
11115,Andrew,Mitchell,Conservative,Sutton Coldfield,https://www.theyworkforyou.com/mp/11115/andrew_mitchell/sutton_coldfield
10080,Paul,Burstow,Liberal Democrat,Sutton and Cheam,https://www.theyworkforyou.com/mp/10080/paul_burstow/sutton_and_cheam
11858,Michael,Gove,Conservative,Surrey Heath,https://www.theyworkforyou.com/mp/11858/michael_gove/surrey_heath
24710,Julie,Elliott,Labour,Sunderland Central,https://www.theyworkforyou.com/mp/24710/julie_elliott/sunderland_central
24771,Therese,Coffey,Conservative,Suffolk Coastal,https://www.theyworkforyou.com/mp/24771/therese_coffey/suffolk_coastal
24840,Neil,Carmichael,Conservative,Stroud,https://www.theyworkforyou.com/mp/24840/neil_carmichael/stroud
24896,Kate,Green,Labour,Stretford and Urmston,https://www.theyworkforyou.com/mp/24896/kate_green/stretford_and_urmston
24950,Chuka,Umunna,Labour,Streatham,https://www.theyworkforyou.com/mp/24950/chuka_umunna/streatham
24822,Nadhim,Zahawi,Conservative,Stratford-on-Avon,https://www.theyworkforyou.com/mp/24822/nadhim_zahawi/stratford-on-avon
13864,Jim,Shannon,DUP,Strangford,https://www.theyworkforyou.com/mp/13864/jim_shannon/strangford
24876,Margot,James,Conservative,Stourbridge,https://www.theyworkforyou.com/mp/24876/margot_james/stourbridge
10095,Bill,Cash,Conservative,Stone,https://www.theyworkforyou.com/mp/10095/bill_cash/stone
11843,Rob,Flello,Labour,Stoke-on-Trent South,https://www.theyworkforyou.com/mp/11843/rob_flello/stoke-on-trent_south
10619,Joan,Walley,Labour,Stoke-on-Trent North,https://www.theyworkforyou.com/mp/10619/joan_walley/stoke-on-trent_north
24850,Tristram,Hunt,Labour,Stoke-on-Trent Central,https://www.theyworkforyou.com/mp/24850/tristram_hunt/stoke-on-trent_central
24930,James,Wharton,Conservative,Stockton South,https://www.theyworkforyou.com/mp/24930/james_wharton/stockton_south
24742,Alex,Cunningham,Labour,Stockton North,https://www.theyworkforyou.com/mp/24742/alex_cunningham/stockton_north
10122,Ann,Coffey,Labour,Stockport,https://www.theyworkforyou.com/mp/10122/ann_coffey/stockport
10388,Anne,McGuire,Labour,Stirling,https://www.theyworkforyou.com/mp/10388/anne_mcguire/stirling
24888,Stephen,McPartland,Conservative,Stevenage,https://www.theyworkforyou.com/mp/24888/stephen_mcpartland/stevenage
24929,Jonathan,Reynolds,Labour,Stalybridge and Hyde,https://www.theyworkforyou.com/mp/24929/jonathan_reynolds/stalybridge_and_hyde
24725,Karen,Bradley,Conservative,Staffordshire Moorlands,https://www.theyworkforyou.com/mp/24725/karen_bradley/staffordshire_moorlands
24760,Jeremy,Lefroy,Conservative,Stafford,https://www.theyworkforyou.com/mp/24760/jeremy_lefroy/stafford
10222,Andrew,George,Liberal Democrat,St Ives,https://www.theyworkforyou.com/mp/10222/andrew_george/st_ives
10651,Shaun,Woodward,Labour,St Helens South and Whiston,https://www.theyworkforyou.com/mp/10651/shaun_woodward/st_helens_south_and_whiston
10625,Dave,Watts,Labour,St Helens North,https://www.theyworkforyou.com/mp/10625/dave_watts/st_helens_north
24928,Stephen,Gilbert,Liberal Democrat,St Austell and Newquay,https://www.theyworkforyou.com/mp/24928/stephen_gilbert/st_austell_and_newquay
11798,Anne,Main,Conservative,St Albans,https://www.theyworkforyou.com/mp/11798/anne_main/st_albans
24770,Kwasi,Kwarteng,Conservative,Spelthorne,https://www.theyworkforyou.com/mp/24770/kwasi_kwarteng/spelthorne
11174,John,Pugh,Liberal Democrat,Southport,https://www.theyworkforyou.com/mp/11174/john_pugh/southport
10009,David,Amess,Conservative,Southend West,https://www.theyworkforyou.com/mp/10009/david_amess/southend_west
10630,Alan,Whitehead,Labour,"Southampton, Test",https://www.theyworkforyou.com/mp/10630/alan_whitehead/southampton%2C_test
10167,John,Denham,Labour,"Southampton, Itchen",https://www.theyworkforyou.com/mp/10167/john_denham/southampton%2C_itchen
11132,Andrew,Murrison,Conservative,South West Wiltshire,https://www.theyworkforyou.com/mp/11132/andrew_murrison/south_west_wiltshire
11859,Jeremy,Hunt,Conservative,South West Surrey,https://www.theyworkforyou.com/mp/11859/jeremy_hunt/south_west_surrey
24941,Elizabeth,Truss,Conservative,South West Norfolk,https://www.theyworkforyou.com/mp/24941/elizabeth_truss/south_west_norfolk
11633,David,Gauke,Conservative,South West Hertfordshire,https://www.theyworkforyou.com/mp/11633/david_gauke/south_west_hertfordshire
10575,Gary,Streeter,Conservative,South West Devon,https://www.theyworkforyou.com/mp/10575/gary_streeter/south_west_devon
11216,Andrew,Selous,Conservative,South West Bedfordshire,https://www.theyworkforyou.com/mp/11216/andrew_selous/south_west_bedfordshire
24792,Laura,Sandys,Conservative,South Thanet,https://www.theyworkforyou.com/mp/24792/laura_sandys/south_thanet
24843,Robert,Buckland,Conservative,South Swindon,https://www.theyworkforyou.com/mp/24843/robert_buckland/south_swindon
10658,Tim,Yeo,Conservative,South Suffolk,https://www.theyworkforyou.com/mp/10658/tim_yeo/south_suffolk
24729,Gavin,Williamson,Conservative,South Staffordshire,https://www.theyworkforyou.com/mp/24729/gavin_williamson/south_staffordshire
11113,David,Miliband,Labour,South Shields,https://www.theyworkforyou.com/mp/11113/david_miliband/south_shields
24801,Lorraine,Fullbrook,Conservative,South Ribble,https://www.theyworkforyou.com/mp/24801/lorraine_fullbrook/south_ribble
24829,Andrea,Leadsom,Conservative,South Northamptonshire,https://www.theyworkforyou.com/mp/24829/andrea_leadsom/south_northamptonshire
10707,Richard,Bacon,Conservative,South Norfolk,https://www.theyworkforyou.com/mp/10707/richard_bacon/south_norfolk
10503,Andrew,Robathan,Conservative,South Leicestershire,https://www.theyworkforyou.com/mp/10503/andrew_robathan/south_leicestershire
10265,John,Hayes,Conservative,South Holland and The Deepings,https://www.theyworkforyou.com/mp/10265/john_hayes/south_holland_and_the_deepings
24875,Sheryll,Murray,Conservative,South East Cornwall,https://www.theyworkforyou.com/mp/24875/sheryll_murray/south_east_cornwall
10470,James,Paice,Conservative,South East Cambridgeshire,https://www.theyworkforyou.com/mp/10470/james_paice/south_east_cambridgeshire
13856,Margaret,Ritchie,Social Democratic and Labour Party,South Down,https://www.theyworkforyou.com/mp/13856/margaret_ritchie/south_down
24903,Richard,Drax,Conservative,South Dorset,https://www.theyworkforyou.com/mp/24903/richard_drax/south_dorset
24769,Heather,Wheeler,Conservative,South Derbyshire,https://www.theyworkforyou.com/mp/24769/heather_wheeler/south_derbyshire
10349,Andrew,Lansley,Conservative,South Cambridgeshire,https://www.theyworkforyou.com/mp/10349/andrew_lansley/south_cambridgeshire
24749,Stephen,Metcalfe,Conservative,South Basildon and East Thurrock,https://www.theyworkforyou.com/mp/24749/stephen_metcalfe/south_basildon_and_east_thurrock
10679,William,McCrea,DUP,South Antrim,https://www.theyworkforyou.com/mp/10679/william_mccrea/south_antrim
10269,David,Heath,Liberal Democrat,Somerton and Frome,https://www.theyworkforyou.com/mp/10269/david_heath/somerton_and_frome
11823,Lorely,Burt,Liberal Democrat,Solihull,https://www.theyworkforyou.com/mp/11823/lorely_burt/solihull
10402,Fiona,Mactaggart,Labour,Slough,https://www.theyworkforyou.com/mp/10402/fiona_mactaggart/slough
24836,Stephen,Phillips,Conservative,Sleaford and North Hykeham,https://www.theyworkforyou.com/mp/24836/stephen_phillips/sleaford_and_north_hykeham
24961,Julian,Smith,Conservative,Skipton and Ripon,https://www.theyworkforyou.com/mp/24961/julian_smith/skipton_and_ripon
24828,Gordon,Henderson,Conservative,Sittingbourne and Sheppey,https://www.theyworkforyou.com/mp/24828/gordon_henderson/sittingbourne_and_sheppey
11817,Daniel,Kawczynski,Conservative,Shrewsbury and Atcham,https://www.theyworkforyou.com/mp/11817/daniel_kawczynski/shrewsbury_and_atcham
11816,Philip,Davies,Conservative,Shipley,https://www.theyworkforyou.com/mp/11816/philip_davies/shipley
24909,Mark,Spencer,Conservative,Sherwood,https://www.theyworkforyou.com/mp/24909/mark_spencer/sherwood
11128,Meg,Munn,Labour,"Sheffield, Heeley",https://www.theyworkforyou.com/mp/11128/meg_munn/sheffield%2C_heeley
11812,Nick,Clegg,Liberal Democrat,"Sheffield, Hallam",https://www.theyworkforyou.com/mp/11812/nick_clegg/sheffield%2C_hallam
10050,David,Blunkett,Labour,"Sheffield, Brightside and Hillsborough",https://www.theyworkforyou.com/mp/10050/david_blunkett/sheffield%2C_brightside_and_hillsborough
10045,Clive,Betts,Labour,Sheffield South East,https://www.theyworkforyou.com/mp/10045/clive_betts/sheffield_south_east
24943,Paul,Blomfield,Labour,Sheffield Central,https://www.theyworkforyou.com/mp/24943/paul_blomfield/sheffield_central
10194,Michael,Fallon,Conservative,Sevenoaks,https://www.theyworkforyou.com/mp/10194/michael_fallon/sevenoaks
24878,Nigel,Adams,Conservative,Selby and Ainsty,https://www.theyworkforyou.com/mp/24878/nigel_adams/selby_and_ainsty
24905,Bill,Esterson,Labour,Sefton Central,https://www.theyworkforyou.com/mp/24905/bill_esterson/sefton_central
13933,Phil,Wilson,Labour,Sedgefield,https://www.theyworkforyou.com/mp/13933/phil_wilson/sedgefield
24798,Nicholas,Dakin,Labour,Scunthorpe,https://www.theyworkforyou.com/mp/24798/nicholas_dakin/scunthorpe
11804,Robert,Goodwill,Conservative,Scarborough and Whitby,https://www.theyworkforyou.com/mp/11804/robert_goodwill/scarborough_and_whitby
24839,John,Glen,Conservative,Salisbury,https://www.theyworkforyou.com/mp/24839/john_glen/salisbury
10048,Hazel,Blears,Labour,Salford and Eccles,https://www.theyworkforyou.com/mp/10048/hazel_blears/salford_and_eccles
10263,Alan,Haselhurst,Conservative,Saffron Walden,https://www.theyworkforyou.com/mp/10263/alan_haselhurst/saffron_walden
10179,Alan,Duncan,Conservative,Rutland and Melton,https://www.theyworkforyou.com/mp/10179/alan_duncan/rutland_and_melton
24714,Tom,Greatrex,Labour,Rutherglen and Hamilton West,https://www.theyworkforyou.com/mp/24714/tom_greatrex/rutherglen_and_hamilton_west
10115,Kenneth,Clarke,Conservative,Rushcliffe,https://www.theyworkforyou.com/mp/10115/kenneth_clarke/rushcliffe
10257,Philip,Hammond,Conservative,Runnymede and Weybridge,https://www.theyworkforyou.com/mp/10257/philip_hammond/runnymede_and_weybridge
11792,Nick,Hurd,Conservative,"Ruislip, Northwood and Pinner",https://www.theyworkforyou.com/mp/11792/nick_hurd/ruislip%2C_northwood_and_pinner
24880,Mark,Pawsey,Conservative,Rugby,https://www.theyworkforyou.com/mp/24880/mark_pawsey/rugby
10401,Denis,MacShane,Labour,Rotherham,https://www.theyworkforyou.com/mp/10401/denis_macshane/rotherham
10027,Kevin,Barron,Labour,Rother Valley,https://www.theyworkforyou.com/mp/10027/kevin_barron/rother_valley
24860,Jake,Berry,Conservative,Rossendale and Darwen,https://www.theyworkforyou.com/mp/24860/jake_berry/rossendale_and_darwen
10334,Charles,Kennedy,Liberal Democrat,"Ross, Skye and Lochaber",https://www.theyworkforyou.com/mp/10334/charles_kennedy/ross%2C_skye_and_lochaber
24809,Caroline,Nokes,Conservative,Romsey and Southampton North,https://www.theyworkforyou.com/mp/24809/caroline_nokes/romsey_and_southampton_north
11199,Andrew,Rosindell,Conservative,Romford,https://www.theyworkforyou.com/mp/11199/andrew_rosindell/romford
11785,James,Duddridge,Conservative,Rochford and Southend East,https://www.theyworkforyou.com/mp/11785/james_duddridge/rochford_and_southend_east
24899,Mark,Reckless,Conservative,Rochester and Strood,https://www.theyworkforyou.com/mp/24899/mark_reckless/rochester_and_strood
24808,Simon,Danczuk,Labour,Rochdale,https://www.theyworkforyou.com/mp/24808/simon_danczuk/rochdale
24911,Zac,Goldsmith,Conservative,Richmond Park,https://www.theyworkforyou.com/mp/24911/zac_goldsmith/richmond_park
10251,William,Hague,Conservative,Richmond (Yorks),https://www.theyworkforyou.com/mp/10251/william_hague/richmond_%28yorks%29
10190,Nigel,Evans,Conservative,Ribble Valley,https://www.theyworkforyou.com/mp/10190/nigel_evans/ribble_valley
10761,Chris,Bryant,Labour,Rhondda,https://www.theyworkforyou.com/mp/10761/chris_bryant/rhondda
10051,Crispin,Blunt,Conservative,Reigate,https://www.theyworkforyou.com/mp/10051/crispin_blunt/reigate
24856,Karen,Lumley,Conservative,Redditch,https://www.theyworkforyou.com/mp/24856/karen_lumley/redditch
24819,Ian,Swales,Liberal Democrat,Redcar,https://www.theyworkforyou.com/mp/24819/ian_swales/redcar
24902,Alok,Sharma,Conservative,Reading West,https://www.theyworkforyou.com/mp/24902/alok_sharma/reading_west
11773,Rob,Wilson,Conservative,Reading East,https://www.theyworkforyou.com/mp/11773/rob_wilson/reading_east
10901,Mark,Francois,Conservative,Rayleigh and Wickford,https://www.theyworkforyou.com/mp/10901/mark_francois/rayleigh_and_wickford
11771,Justine,Greening,Conservative,Putney,https://www.theyworkforyou.com/mp/11771/justine_greening/putney
24864,Stuart,Andrew,Conservative,Pudsey,https://www.theyworkforyou.com/mp/24864/stuart_andrew/pudsey
10682,Mark,Hendrick,Labour,Preston,https://www.theyworkforyou.com/mp/10682/mark_hendrick/preston
11768,Stephen,Crabb,Conservative,Preseli Pembrokeshire,https://www.theyworkforyou.com/mp/11768/stephen_crabb/preseli_pembrokeshire
10258,Mike,Hancock,Liberal Democrat,Portsmouth South,https://www.theyworkforyou.com/mp/10258/mike_hancock/portsmouth_south
24938,Penny,Mordaunt,Conservative,Portsmouth North,https://www.theyworkforyou.com/mp/24938/penny_mordaunt/portsmouth_north
10199,Jim,Fitzpatrick,Labour,Poplar and Limehouse,https://www.theyworkforyou.com/mp/10199/jim_fitzpatrick/poplar_and_limehouse
10582,Robert,Syms,Conservative,Poole,https://www.theyworkforyou.com/mp/10582/robert_syms/poole
24797,Owen,Smith,Labour,Pontypridd,https://www.theyworkforyou.com/mp/24797/owen_smith/pontypridd
24898,Oliver,Colvile,Conservative,"Plymouth, Sutton and Devonport",https://www.theyworkforyou.com/mp/24898/oliver_colvile/plymouth%2C_sutton_and_devonport
11760,Alison,Seabeck,Labour,"Plymouth, Moor View",https://www.theyworkforyou.com/mp/11760/alison_seabeck/plymouth%2C_moor_view
11759,Stewart,Jackson,Conservative,Peterborough,https://www.theyworkforyou.com/mp/11759/stewart_jackson/peterborough
11333,Pete,Wishart,Scottish National Party,Perth and North Perthshire,https://www.theyworkforyou.com/mp/11333/pete_wishart/perth_and_north_perthshire
24964,Rory,Stewart,Conservative,Penrith and The Border,https://www.theyworkforyou.com/mp/24964/rory_stewart/penrith_and_the_border
11814,Angela,Smith,Labour,Penistone and Stocksbridge,https://www.theyworkforyou.com/mp/11814/angela_smith/penistone_and_stocksbridge
24759,Andrew,Stephenson,Conservative,Pendle,https://www.theyworkforyou.com/mp/24759/andrew_stephenson/pendle
10661,Douglas,Alexander,Labour,Paisley and Renfrewshire South,https://www.theyworkforyou.com/mp/10661/douglas_alexander/paisley_and_renfrewshire_south
11221,Jim,Sheridan,Labour,Paisley and Renfrewshire North,https://www.theyworkforyou.com/mp/11221/jim_sheridan/paisley_and_renfrewshire_north
24842,Nicola,Blackwood,Conservative,Oxford West and Abingdon,https://www.theyworkforyou.com/mp/24842/nicola_blackwood/oxford_west_and_abingdon
10545,Andrew,Smith,Labour,Oxford East,https://www.theyworkforyou.com/mp/10545/andrew_smith/oxford_east
24895,Jo,Johnson,Conservative,Orpington,https://www.theyworkforyou.com/mp/24895/jo_johnson/orpington
10785,Alistair,Carmichael,Liberal Democrat,Orkney and Shetland,https://www.theyworkforyou.com/mp/10785/alistair_carmichael/orkney_and_shetland
10427,Michael,Meacher,Labour,Oldham West and Royton,https://www.theyworkforyou.com/mp/10427/michael_meacher/oldham_west_and_royton
10652,Phil,Woolas,Labour,Oldham East and Saddleworth,https://www.theyworkforyou.com/mp/10652/phil_woolas/oldham_east_and_saddleworth
11640,James,Brokenshire,Conservative,Old Bexley and Sidcup,https://www.theyworkforyou.com/mp/11640/james_brokenshire/old_bexley_and_sidcup
11347,Huw,Irranca-Davies,Labour,Ogmore,https://www.theyworkforyou.com/mp/11347/huw_irranca-davies/ogmore
12005,Gordon,Banks,Labour,Ochil and South Perthshire,https://www.theyworkforyou.com/mp/12005/gordon_banks/ochil_and_south_perthshire
24745,Marcus,Jones,Conservative,Nuneaton,https://www.theyworkforyou.com/mp/24745/marcus_jones/nuneaton
24774,Lilian,Greenwood,Labour,Nottingham South,https://www.theyworkforyou.com/mp/24774/lilian_greenwood/nottingham_south
10008,Graham,Allen,Labour,Nottingham North,https://www.theyworkforyou.com/mp/10008/graham_allen/nottingham_north
10354,Chris,Leslie,Labour,Nottingham East,https://www.theyworkforyou.com/mp/10354/chris_leslie/nottingham_east
24874,Simon,Wright,Liberal Democrat,Norwich South,https://www.theyworkforyou.com/mp/24874/simon_wright/norwich_south
24691,Chloe,Smith,Conservative,Norwich North,https://www.theyworkforyou.com/mp/24691/chloe_smith/norwich_north
11742,Brian,Binley,Conservative,Northampton South,https://www.theyworkforyou.com/mp/11742/brian_binley/northampton_south
24866,Michael,Ellis,Conservative,Northampton North,https://www.theyworkforyou.com/mp/24866/michael_ellis/northampton_north
10240,James,Gray,Conservative,North Wiltshire,https://www.theyworkforyou.com/mp/10240/james_gray/north_wiltshire
10726,Henry,Bellingham,Conservative,North West Norfolk,https://www.theyworkforyou.com/mp/10726/henry_bellingham/north_west_norfolk
24741,Andrew,Bridgen,Conservative,North West Leicestershire,https://www.theyworkforyou.com/mp/24741/andrew_bridgen/north_west_leicestershire
10659,George,Young,Conservative,North West Hampshire,https://www.theyworkforyou.com/mp/10659/george_young/north_west_hampshire
24917,Pat,Glass,Labour,North West Durham,https://www.theyworkforyou.com/mp/24917/pat_glass/north_west_durham
11475,Shailesh,Vara,Conservative,North West Cambridgeshire,https://www.theyworkforyou.com/mp/11475/shailesh_vara/north_west_cambridgeshire
24849,Dan,Byles,Conservative,North Warwickshire,https://www.theyworkforyou.com/mp/24849/dan_byles/north_warwickshire
24927,Mary,Glindon,Labour,North Tyneside,https://www.theyworkforyou.com/mp/24927/mary_glindon/north_tyneside
10217,Roger,Gale,Conservative,North Thanet,https://www.theyworkforyou.com/mp/10217/roger_gale/north_thanet
24870,Justin,Tomlinson,Conservative,North Swindon,https://www.theyworkforyou.com/mp/24870/justin_tomlinson/north_swindon
10213,Liam,Fox,Conservative,North Somerset,https://www.theyworkforyou.com/mp/10213/liam_fox/north_somerset
10473,Owen,Paterson,Conservative,North Shropshire,https://www.theyworkforyou.com/mp/10473/owen_paterson/north_shropshire
11032,Norman,Lamb,Liberal Democrat,North Norfolk,https://www.theyworkforyou.com/mp/11032/norman_lamb/north_norfolk
11318,Bill,Wiggin,Conservative,North Herefordshire,https://www.theyworkforyou.com/mp/11318/bill_wiggin/north_herefordshire
24926,Jacob,Rees-Mogg,Conservative,North East Somerset,https://www.theyworkforyou.com/mp/24926/jacob_rees-mogg/north_east_somerset
10267,Oliver,Heald,Conservative,North East Hertfordshire,https://www.theyworkforyou.com/mp/10267/oliver_heald/north_east_hertfordshire
10013,James,Arbuthnot,Conservative,North East Hampshire,https://www.theyworkforyou.com/mp/10013/james_arbuthnot/north_east_hampshire
10088,Menzies,Campbell,Liberal Democrat,North East Fife,https://www.theyworkforyou.com/mp/10088/menzies_campbell/north_east_fife
11534,Natascha,Engel,Labour,North East Derbyshire,https://www.theyworkforyou.com/mp/11534/natascha_engel/north_east_derbyshire
24916,Stephen,Barclay,Conservative,North East Cambridgeshire,https://www.theyworkforyou.com/mp/24916/stephen_barclay/north_east_cambridgeshire
10770,Alistair,Burt,Conservative,North East Bedfordshire,https://www.theyworkforyou.com/mp/10770/alistair_burt/north_east_bedfordshire
11003,Kevan,Jones,Labour,North Durham,https://www.theyworkforyou.com/mp/11003/kevan_jones/north_durham
10958,Sylvia,Hermon,Independent,North Down,https://www.theyworkforyou.com/mp/10958/sylvia_hermon/north_down
10620,Robert,Walter,Conservative,North Dorset,https://www.theyworkforyou.com/mp/10620/robert_walter/north_dorset
10262,Nick,Harvey,Liberal Democrat,North Devon,https://www.theyworkforyou.com/mp/10262/nick_harvey/north_devon
11513,Dan,Rogerson,Liberal Democrat,North Cornwall,https://www.theyworkforyou.com/mp/11513/dan_rogerson/north_cornwall
11963,Katy,Clark,Labour,North Ayrshire and Arran,https://www.theyworkforyou.com/mp/11963/katy_clark/north_ayrshire_and_arran
13852,Ian,Paisley Jnr,DUP,North Antrim,https://www.theyworkforyou.com/mp/13852/ian_paisley_jnr/north_antrim
10131,Yvette,Cooper,Labour,"Normanton, Pontefract and Castleford",https://www.theyworkforyou.com/mp/10131/yvette_cooper/normanton%2C_pontefract_and_castleford
24912,Anne Marie,Morris,Conservative,Newton Abbot,https://www.theyworkforyou.com/mp/24912/anne_marie_morris/newton_abbot
11734,Conor,Murphy,Sinn Fein,Newry and Armagh,https://www.theyworkforyou.com/mp/11734/conor_murphy/newry_and_armagh
10203,Paul,Flynn,Labour,Newport West,https://www.theyworkforyou.com/mp/10203/paul_flynn/newport_west
11732,Jessica,Morden,Labour,Newport East,https://www.theyworkforyou.com/mp/11732/jessica_morden/newport_east
10882,Paul,Farrelly,Labour,Newcastle-under-Lyme,https://www.theyworkforyou.com/mp/10882/paul_farrelly/newcastle-under-lyme
24818,Catherine,McKinnell,Labour,Newcastle upon Tyne North,https://www.theyworkforyou.com/mp/24818/catherine_mckinnell/newcastle_upon_tyne_north
10069,Nick,Brown,Labour,Newcastle upon Tyne East,https://www.theyworkforyou.com/mp/10069/nick_brown/newcastle_upon_tyne_east
24807,Chi,Onwurah,Labour,Newcastle upon Tyne Central,https://www.theyworkforyou.com/mp/24807/chi_onwurah/newcastle_upon_tyne_central
11727,Richard,Benyon,Conservative,Newbury,https://www.theyworkforyou.com/mp/11727/richard_benyon/newbury
11109,Patrick,Mercer,Conservative,Newark,https://www.theyworkforyou.com/mp/11109/patrick_mercer/newark
10580,Desmond,Swayne,Conservative,New Forest West,https://www.theyworkforyou.com/mp/10580/desmond_swayne/new_forest_west
10358,Julian,Lewis,Conservative,New Forest East,https://www.theyworkforyou.com/mp/10358/julian_lewis/new_forest_east
10252,Peter,Hain,Labour,Neath,https://www.theyworkforyou.com/mp/10252/peter_hain/neath
12004,Angus,MacNeil,Scottish National Party,Na h-Eileanan an Iar,https://www.theyworkforyou.com/mp/12004/angus_macneil/na_h-eileanan_an_iar
10517,Frank,Roy,Labour,Motherwell and Wishaw,https://www.theyworkforyou.com/mp/10517/frank_roy/motherwell_and_wishaw
11740,Edward,Balls,Labour,Morley and Outwood,https://www.theyworkforyou.com/mp/11740/edward_balls/morley_and_outwood
24966,David,Morris,Conservative,Morecambe and Lunesdale,https://www.theyworkforyou.com/mp/24966/david_morris/morecambe_and_lunesdale
11189,Angus,Robertson,Scottish National Party,Moray,https://www.theyworkforyou.com/mp/11189/angus_robertson/moray
24739,Glyn,Davies,Conservative,Montgomeryshire,https://www.theyworkforyou.com/mp/24739/glyn_davies/montgomeryshire
11719,David,Davies,Conservative,Monmouth,https://www.theyworkforyou.com/mp/11719/david_davies/monmouth
10041,Paul,Beresford,Conservative,Mole Valley,https://www.theyworkforyou.com/mp/10041/paul_beresford/mole_valley
10381,Siobhain,McDonagh,Labour,Mitcham and Morden,https://www.theyworkforyou.com/mp/10381/siobhain_mcdonagh/mitcham_and_morden
24947,Iain,Stewart,Conservative,Milton Keynes South,https://www.theyworkforyou.com/mp/24947/iain_stewart/milton_keynes_south
11715,Mark,Lancaster,Conservative,Milton Keynes North,https://www.theyworkforyou.com/mp/11715/mark_lancaster/milton_keynes_north
10934,David,Hamilton,Labour,Midlothian,https://www.theyworkforyou.com/mp/10934/david_hamilton/midlothian
24848,Tom,Blenkinsop,Labour,Middlesbrough South and East Cleveland,https://www.theyworkforyou.com/mp/24848/tom_blenkinsop/middlesbrough_south_and_east_cleveland
10036,Stuart,Bell,Labour,Middlesbrough,https://www.theyworkforyou.com/mp/10036/stuart_bell/middlesbrough
10373,Peter,Luff,Conservative,Mid Worcestershire,https://www.theyworkforyou.com/mp/10373/peter_luff/mid_worcestershire
10387,Martin,McGuinness,Sinn Fein,Mid Ulster,https://www.theyworkforyou.com/mp/10387/martin_mcguinness/mid_ulster
10555,Nicholas,Soames,Conservative,Mid Sussex,https://www.theyworkforyou.com/mp/10555/nicholas_soames/mid_sussex
24817,George,Freeman,Conservative,Mid Norfolk,https://www.theyworkforyou.com/mp/24817/george_freeman/mid_norfolk
10754,Annette,Brooke,Liberal Democrat,Mid Dorset and North Poole,https://www.theyworkforyou.com/mp/10754/annette_brooke/mid_dorset_and_north_poole
24821,Pauline,Latham,Conservative,Mid Derbyshire,https://www.theyworkforyou.com/mp/24821/pauline_latham/mid_derbyshire
11397,Nadine,Dorries,Conservative,Mid Bedfordshire,https://www.theyworkforyou.com/mp/11397/nadine_dorries/mid_bedfordshire
10944,Dai,Havard,Labour,Merthyr Tydfil and Rhymney,https://www.theyworkforyou.com/mp/10944/dai_havard/merthyr_tydfil_and_rhymney
10559,Caroline,Spelman,Conservative,Meriden,https://www.theyworkforyou.com/mp/10559/caroline_spelman/meriden
24936,George,Hollingbery,Conservative,Meon Valley,https://www.theyworkforyou.com/mp/24936/george_hollingbery/meon_valley
10428,Alan,Meale,Labour,Mansfield,https://www.theyworkforyou.com/mp/10428/alan_meale/mansfield
11707,John,Leech,Liberal Democrat,"Manchester, Withington",https://www.theyworkforyou.com/mp/11707/john_leech/manchester%2C_withington
10327,Gerald,Kaufman,Labour,"Manchester, Gorton",https://www.theyworkforyou.com/mp/10327/gerald_kaufman/manchester%2C_gorton
10367,Tony,Lloyd,Labour,Manchester Central,https://www.theyworkforyou.com/mp/10367/tony_lloyd/manchester_central
10632,John,Whittingdale,Conservative,Maldon,https://www.theyworkforyou.com/mp/10632/john_whittingdale/maldon
24805,Yvonne,Fovargue,Labour,Makerfield,https://www.theyworkforyou.com/mp/24805/yvonne_fovargue/makerfield
24796,Helen,Grant,Conservative,Maidstone and The Weald,https://www.theyworkforyou.com/mp/24796/helen_grant/maidstone_and_the_weald
10426,Theresa,May,Conservative,Maidenhead,https://www.theyworkforyou.com/mp/10426/theresa_may/maidenhead
24820,David,Rutley,Conservative,Macclesfield,https://www.theyworkforyou.com/mp/24820/david_rutley/macclesfield
24847,Gavin,Shuker,Labour,Luton South,https://www.theyworkforyou.com/mp/24847/gavin_shuker/luton_south
10288,Kelvin,Hopkins,Labour,Luton North,https://www.theyworkforyou.com/mp/10288/kelvin_hopkins/luton_north
11696,Philip,Dunne,Conservative,Ludlow,https://www.theyworkforyou.com/mp/11696/philip_dunne/ludlow
10583,Peter,Tapsell,Conservative,Louth and Horncastle,https://www.theyworkforyou.com/mp/10583/peter_tapsell/louth_and_horncastle
24732,Nicky,Morgan,Conservative,Loughborough,https://www.theyworkforyou.com/mp/24732/nicky_morgan/loughborough
11692,Nia,Griffith,Labour,Llanelli,https://www.theyworkforyou.com/mp/11692/nia_griffith/llanelli
24735,Graeme,Morrice,Labour,Livingston,https://www.theyworkforyou.com/mp/24735/graeme_morrice/livingston
10611,Stephen,Twigg,Labour,"Liverpool, West Derby",https://www.theyworkforyou.com/mp/10611/stephen_twigg/liverpool%2C_west_derby
24924,Luciana,Berger,Labour,"Liverpool, Wavertree",https://www.theyworkforyou.com/mp/24924/luciana_berger/liverpool%2C_wavertree
24935,Steve,Rotheram,Labour,"Liverpool, Walton",https://www.theyworkforyou.com/mp/24935/steve_rotheram/liverpool%2C_walton
10186,Louise,Ellman,Labour,"Liverpool, Riverside",https://www.theyworkforyou.com/mp/10186/louise_ellman/liverpool%2C_riverside
10128,Michael,Connarty,Labour,Linlithgow and East Falkirk,https://www.theyworkforyou.com/mp/10128/michael_connarty/linlithgow_and_east_falkirk
24790,Karl,McCartney,Conservative,Lincoln,https://www.theyworkforyou.com/mp/24790/karl_mccartney/lincoln
10193,Michael,Fabricant,Conservative,Lichfield,https://www.theyworkforyou.com/mp/10193/michael_fabricant/lichfield
10143,John,Cryer,Labour,Leyton and Wanstead,https://www.theyworkforyou.com/mp/10143/john_cryer/leyton_and_wanstead
10519,Joan,Ruddock,Labour,"Lewisham, Deptford",https://www.theyworkforyou.com/mp/10519/joan_ruddock/lewisham%2C_deptford
10176,Jim,Dowd,Labour,Lewisham West and Penge,https://www.theyworkforyou.com/mp/10176/jim_dowd/lewisham_west_and_penge
24953,Heidi,Alexander,Labour,Lewisham East,https://www.theyworkforyou.com/mp/24953/heidi_alexander/lewisham_east
10022,Norman,Baker,Liberal Democrat,Lewes,https://www.theyworkforyou.com/mp/10022/norman_baker/lewes
10766,Andy,Burnham,Labour,Leigh,https://www.theyworkforyou.com/mp/10766/andy_burnham/leigh
24816,Liz,Kendall,Labour,Leicester West,https://www.theyworkforyou.com/mp/24816/liz_kendall/leicester_west
11675,Peter,Soulsby,Labour,Leicester South,https://www.theyworkforyou.com/mp/11675/peter_soulsby/leicester_south
10614,Keith,Vaz,Labour,Leicester East,https://www.theyworkforyou.com/mp/10614/keith_vaz/leicester_east
24851,Rachel,Reeves,Labour,Leeds West,https://www.theyworkforyou.com/mp/24851/rachel_reeves/leeds_west
11672,Greg,Mulholland,Liberal Democrat,Leeds North West,https://www.theyworkforyou.com/mp/11672/greg_mulholland/leeds_north_west
10256,Fabian,Hamilton,Labour,Leeds North East,https://www.theyworkforyou.com/mp/10256/fabian_hamilton/leeds_north_east
10450,George,Mudie,Labour,Leeds East,https://www.theyworkforyou.com/mp/10450/george_mudie/leeds_east
10669,Hilary,Benn,Labour,Leeds Central,https://www.theyworkforyou.com/mp/10669/hilary_benn/leeds_central
24967,Eric,Ollerenshaw,Conservative,Lancaster and Fleetwood,https://www.theyworkforyou.com/mp/24967/eric_ollerenshaw/lancaster_and_fleetwood
10285,Jimmy,Hood,Labour,Lanark and Hamilton East,https://www.theyworkforyou.com/mp/10285/jimmy_hood/lanark_and_hamilton_east
10172,Jeffrey M.,Donaldson,DUP,Lagan Valley,https://www.theyworkforyou.com/mp/10172/jeffrey_m._donaldson/lagan_valley
10292,George,Howarth,Labour,Knowsley,https://www.theyworkforyou.com/mp/10292/george_howarth/knowsley
10068,Gordon,Brown,Labour,Kirkcaldy and Cowdenbeath,https://www.theyworkforyou.com/mp/10068/gordon_brown/kirkcaldy_and_cowdenbeath
24713,Chris,Skidmore,Conservative,Kingswood,https://www.theyworkforyou.com/mp/24713/chris_skidmore/kingswood
10314,Alan,Johnson,Labour,Kingston upon Hull West and Hessle,https://www.theyworkforyou.com/mp/10314/alan_johnson/kingston_upon_hull_west_and_hessle
11647,Diana R.,Johnson,Labour,Kingston upon Hull North,https://www.theyworkforyou.com/mp/11647/diana_r._johnson/kingston_upon_hull_north
24767,Karl,Turner,Labour,Kingston upon Hull East,https://www.theyworkforyou.com/mp/24767/karl_turner/kingston_upon_hull_east
10155,Edward,Davey,Liberal Democrat,Kingston and Surbiton,https://www.theyworkforyou.com/mp/10155/edward_davey/kingston_and_surbiton
24726,Cathy,Jamieson,Labour,Kilmarnock and Loudoun,https://www.theyworkforyou.com/mp/24726/cathy_jamieson/kilmarnock_and_loudoun
11661,Philip,Hollobone,Conservative,Kettering,https://www.theyworkforyou.com/mp/11661/philip_hollobone/kettering
11660,Malcolm,Rifkind,Conservative,Kensington,https://www.theyworkforyou.com/mp/11660/malcolm_rifkind/kensington
11791,Jeremy,Wright,Conservative,Kenilworth and Southam,https://www.theyworkforyou.com/mp/11791/jeremy_wright/kenilworth_and_southam
24923,Kris,Hopkins,Conservative,Keighley,https://www.theyworkforyou.com/mp/24923/kris_hopkins/keighley
10274,Stephen,Hepburn,Labour,Jarrow,https://www.theyworkforyou.com/mp/10274/stephen_hepburn/jarrow
24721,Chris,Evans,Labour,Islwyn,https://www.theyworkforyou.com/mp/24721/chris_evans/islwyn
11656,Emily,Thornberry,Labour,Islington South and Finsbury,https://www.theyworkforyou.com/mp/11656/emily_thornberry/islington_south_and_finsbury
10133,Jeremy,Corbyn,Labour,Islington North,https://www.theyworkforyou.com/mp/10133/jeremy_corbyn/islington_north
11291,Andrew,Turner,Conservative,Isle of Wight,https://www.theyworkforyou.com/mp/11291/andrew_turner/isle_of_wight
24922,Ben,Gummer,Conservative,Ipswich,https://www.theyworkforyou.com/mp/24922/ben_gummer/ipswich
11995,Danny,Alexander,Liberal Democrat,"Inverness, Nairn, Badenoch and Strathspey",https://www.theyworkforyou.com/mp/11995/danny_alexander/inverness%2C_nairn%2C_badenoch_and_strathspey
10775,David,Cairns,Labour,Inverclyde,https://www.theyworkforyou.com/mp/10775/david_cairns/inverclyde
10219,Mike,Gapes,Labour,Ilford South,https://www.theyworkforyou.com/mp/10219/mike_gapes/ilford_south
11651,Lee,Scott,Conservative,Ilford North,https://www.theyworkforyou.com/mp/11651/lee_scott/ilford_north
24835,Graham,Jones,Labour,Hyndburn,https://www.theyworkforyou.com/mp/24835/graham_jones/hyndburn
10854,Jonathan,Djanogly,Conservative,Huntingdon,https://www.theyworkforyou.com/mp/10854/jonathan_djanogly/huntingdon
10534,Barry,Sheerman,Labour,Huddersfield,https://www.theyworkforyou.com/mp/10534/barry_sheerman/huddersfield
24889,Mike,Weatherley,Conservative,Hove,https://www.theyworkforyou.com/mp/24889/mike_weatherley/hove
24709,Bridget,Phillipson,Labour,Houghton and Sunderland South,https://www.theyworkforyou.com/mp/24709/bridget_phillipson/houghton_and_sunderland_south
10423,Francis,Maude,Conservative,Horsham,https://www.theyworkforyou.com/mp/10423/francis_maude/horsham
11641,Lynne,Featherstone,Liberal Democrat,Hornsey and Wood Green,https://www.theyworkforyou.com/mp/11641/lynne_featherstone/hornsey_and_wood_green
11308,Angela,Watkinson,Conservative,Hornchurch and Upminster,https://www.theyworkforyou.com/mp/11308/angela_watkinson/hornchurch_and_upminster
10171,Frank,Dobson,Labour,Holborn and St Pancras,https://www.theyworkforyou.com/mp/10171/frank_dobson/holborn_and_st_pancras
10362,Peter,Lilley,Conservative,Hitchin and Harpenden,https://www.theyworkforyou.com/mp/10362/peter_lilley/hitchin_and_harpenden
24748,Andrew,Bingham,Conservative,High Peak,https://www.theyworkforyou.com/mp/24748/andrew_bingham/high_peak
10170,Jim,Dobbin,Labour,Heywood and Middleton,https://www.theyworkforyou.com/mp/10170/jim_dobbin/heywood_and_middleton
24962,Guy,Opperman,Conservative,Hexham,https://www.theyworkforyou.com/mp/24962/guy_opperman/hexham
10106,James,Clappison,Conservative,Hertsmere,https://www.theyworkforyou.com/mp/10106/james_clappison/hertsmere
11172,Mark,Prisk,Conservative,Hertford and Stortford,https://www.theyworkforyou.com/mp/11172/mark_prisk/hertford_and_stortford
24827,Jesse,Norman,Conservative,Hereford and South Herefordshire,https://www.theyworkforyou.com/mp/24827/jesse_norman/hereford_and_south_herefordshire
14131,John,Howell,Conservative,Henley,https://www.theyworkforyou.com/mp/14131/john_howell/henley
24955,Matthew,Offord,Conservative,Hendon,https://www.theyworkforyou.com/mp/24955/matthew_offord/hendon
10604,Jon,Trickett,Labour,Hemsworth,https://www.theyworkforyou.com/mp/10604/jon_trickett/hemsworth
11626,Mike,Penning,Conservative,Hemel Hempstead,https://www.theyworkforyou.com/mp/11626/mike_penning/hemel_hempstead
10578,Andrew,Stunell,Liberal Democrat,Hazel Grove,https://www.theyworkforyou.com/mp/10578/andrew_stunell/hazel_grove
10383,John Martin,McDonnell,Labour,Hayes and Harlington,https://www.theyworkforyou.com/mp/10383/john_martin_mcdonnell/hayes_and_harlington
10637,David,Willetts,Conservative,Havant,https://www.theyworkforyou.com/mp/10637/david_willetts/havant
24795,Amber,Rudd,Conservative,Hastings and Rye,https://www.theyworkforyou.com/mp/24795/amber_rudd/hastings_and_rye
10312,Bernard,Jenkin,Conservative,Harwich and North Essex,https://www.theyworkforyou.com/mp/10312/bernard_jenkin/harwich_and_north_essex
11362,Iain,Wright,Labour,Hartlepool,https://www.theyworkforyou.com/mp/11362/iain_wright/hartlepool
10594,Gareth,Thomas,Labour,Harrow West,https://www.theyworkforyou.com/mp/10594/gareth_thomas/harrow_west
24945,Bob,Blackman,Conservative,Harrow East,https://www.theyworkforyou.com/mp/24945/bob_blackman/harrow_east
24758,Andrew,Jones,Conservative,Harrogate and Knaresborough,https://www.theyworkforyou.com/mp/24758/andrew_jones/harrogate_and_knaresborough
24784,Robert,Halfon,Conservative,Harlow,https://www.theyworkforyou.com/mp/24784/robert_halfon/harlow
10221,Edward,Garnier,Conservative,Harborough,https://www.theyworkforyou.com/mp/10221/edward_garnier/harborough
10308,Glenda,Jackson,Labour,Hampstead and Kilburn,https://www.theyworkforyou.com/mp/10308/glenda_jackson/hampstead_and_kilburn
11559,Andrew,Slaughter,Labour,Hammersmith,https://www.theyworkforyou.com/mp/11559/andrew_slaughter/hammersmith
10610,Derek,Twigg,Labour,Halton,https://www.theyworkforyou.com/mp/10610/derek_twigg/halton
10162,David,Davis,Conservative,Haltemprice and Howden,https://www.theyworkforyou.com/mp/10162/david_davis/haltemprice_and_howden
11607,Linda,Riordan,Labour,Halifax,https://www.theyworkforyou.com/mp/11607/linda_riordan/halifax
24855,James,Morris,Conservative,Halesowen and Rowley Regis,https://www.theyworkforyou.com/mp/24855/james_morris/halesowen_and_rowley_regis
11605,Meg,Hillier,Labour,Hackney South and Shoreditch,https://www.theyworkforyou.com/mp/11605/meg_hillier/hackney_south_and_shoreditch
10001,Diane,Abbott,Labour,Hackney North and Stoke Newington,https://www.theyworkforyou.com/mp/10001/diane_abbott/hackney_north_and_stoke_newington
11603,Anne,Milton,Conservative,Guildford,https://www.theyworkforyou.com/mp/11603/anne_milton/guildford
10498,Nick,Raynsford,Labour,Greenwich and Woolwich,https://www.theyworkforyou.com/mp/10498/nick_raynsford/greenwich_and_woolwich
24879,Brandon,Lewis,Conservative,Great Yarmouth,https://www.theyworkforyou.com/mp/24879/brandon_lewis/great_yarmouth
10436,Austin,Mitchell,Labour,Great Grimsby,https://www.theyworkforyou.com/mp/10436/austin_mitchell/great_grimsby
11599,Adam,Holloway,Conservative,Gravesham,https://www.theyworkforyou.com/mp/11599/adam_holloway/gravesham
24766,Nicholas,Boles,Conservative,Grantham and Stamford,https://www.theyworkforyou.com/mp/24766/nicholas_boles/grantham_and_stamford
10096,Martin,Caton,Labour,Gower,https://www.theyworkforyou.com/mp/10096/martin_caton/gower
24873,Caroline,Dinenage,Conservative,Gosport,https://www.theyworkforyou.com/mp/24873/caroline_dinenage/gosport
10074,Malcolm,Bruce,Liberal Democrat,Gordon,https://www.theyworkforyou.com/mp/10074/malcolm_bruce/gordon
24921,Richard,Graham,Conservative,Gloucester,https://www.theyworkforyou.com/mp/24921/richard_graham/gloucester
14142,Lindsay,Roy,Labour,Glenrothes,https://www.theyworkforyou.com/mp/14142/lindsay_roy/glenrothes
10157,Ian,Davidson,Labour,Glasgow South West,https://www.theyworkforyou.com/mp/10157/ian_davidson/glasgow_south_west
10941,Tom,Harris,Labour,Glasgow South,https://www.theyworkforyou.com/mp/10941/tom_harris/glasgow_south
10684,John,Robertson,Labour,Glasgow North West,https://www.theyworkforyou.com/mp/10684/john_robertson/glasgow_north_west
24697,William,Bain,Labour,Glasgow North East,https://www.theyworkforyou.com/mp/24697/william_bain/glasgow_north_east
11076,Ann,McKechin,Labour,Glasgow North,https://www.theyworkforyou.com/mp/11076/ann_mckechin/glasgow_north
24734,Margaret,Curran,Labour,Glasgow East,https://www.theyworkforyou.com/mp/24734/margaret_curran/glasgow_east
24738,Anas,Sarwar,Labour,Glasgow Central,https://www.theyworkforyou.com/mp/24738/anas_sarwar/glasgow_central
24920,Rehman,Chishti,Conservative,Gillingham and Rainham,https://www.theyworkforyou.com/mp/24920/rehman_chishti/gillingham_and_rainham
10121,Vernon,Coaker,Labour,Gedling,https://www.theyworkforyou.com/mp/10121/vernon_coaker/gedling
24919,Ian,Mearns,Labour,Gateshead,https://www.theyworkforyou.com/mp/24919/ian_mearns/gateshead
10183,Maria,Eagle,Labour,Garston and Halewood,https://www.theyworkforyou.com/mp/10183/maria_eagle/garston_and_halewood
10352,Edward,Leigh,Conservative,Gainsborough,https://www.theyworkforyou.com/mp/10352/edward_leigh/gainsborough
24804,Mark,Menzies,Conservative,Fylde,https://www.theyworkforyou.com/mp/24804/mark_menzies/fylde
11589,Mark,Durkan,Social Democratic and Labour Party,Foyle,https://www.theyworkforyou.com/mp/11589/mark_durkan/foyle
11588,Mark,Harper,Conservative,Forest of Dean,https://www.theyworkforyou.com/mp/11588/mark_harper/forest_of_dean
24744,Damian,Collins,Conservative,Folkestone and Hythe,https://www.theyworkforyou.com/mp/24744/damian_collins/folkestone_and_hythe
24934,Mike,Freer,Conservative,Finchley and Golders Green,https://www.theyworkforyou.com/mp/24934/mike_freer/finchley_and_golders_green
24716,Jack,Lopresti,Conservative,Filton and Bradley Stoke,https://www.theyworkforyou.com/mp/24716/jack_lopresti/filton_and_bradley_stoke
10913,Michelle,Gildernew,Sinn Fein,Fermanagh and South Tyrone,https://www.theyworkforyou.com/mp/10913/michelle_gildernew/fermanagh_and_south_tyrone
10329,Alan,Keen,Labour,Feltham and Heston,https://www.theyworkforyou.com/mp/10329/alan_keen/feltham_and_heston
11190,Hugh,Robertson,Conservative,Faversham and Mid Kent,https://www.theyworkforyou.com/mp/11190/hugh_robertson/faversham_and_mid_kent
10964,Mark,Hoban,Conservative,Fareham,https://www.theyworkforyou.com/mp/10964/mark_hoban/fareham
10685,Eric,Joyce,Labour,Falkirk,https://www.theyworkforyou.com/mp/10685/eric_joyce/falkirk
10061,Ben,Bradshaw,Labour,Exeter,https://www.theyworkforyou.com/mp/10061/ben_bradshaw/exeter
24815,Dominic,Raab,Conservative,Esher and Walton,https://www.theyworkforyou.com/mp/24815/dominic_raab/esher_and_walton
24956,Teresa,Pearce,Labour,Erith and Thamesmead,https://www.theyworkforyou.com/mp/24956/teresa_pearce/erith_and_thamesmead
24757,Jessica,Lee,Conservative,Erewash,https://www.theyworkforyou.com/mp/24757/jessica_lee/erewash
10920,Chris,Grayling,Conservative,Epsom and Ewell,https://www.theyworkforyou.com/mp/10920/chris_grayling/epsom_and_ewell
10348,Eleanor,Laing,Conservative,Epping Forest,https://www.theyworkforyou.com/mp/10348/eleanor_laing/epping_forest
11573,David,Burrowes,Conservative,"Enfield, Southgate",https://www.theyworkforyou.com/mp/11573/david_burrowes/enfield%2C_southgate
24859,Nick,de Bois,Conservative,Enfield North,https://www.theyworkforyou.com/mp/24859/nick_de_bois/enfield_north
10185,Clive,Efford,Labour,Eltham,https://www.theyworkforyou.com/mp/10185/clive_efford/eltham
24893,Alec,Shelbrooke,Conservative,Elmet and Rothwell,https://www.theyworkforyou.com/mp/24893/alec_shelbrooke/elmet_and_rothwell
10435,Andrew,Miller,Labour,Ellesmere Port and Neston,https://www.theyworkforyou.com/mp/10435/andrew_miller/ellesmere_port_and_neston
10372,Andrew,Love,Labour,Edmonton,https://www.theyworkforyou.com/mp/10372/andrew_love/edmonton
24794,Michael,Crockart,Liberal Democrat,Edinburgh West,https://www.theyworkforyou.com/mp/24794/michael_crockart/edinburgh_west
10153,Alistair,Darling,Labour,Edinburgh South West,https://www.theyworkforyou.com/mp/10153/alistair_darling/edinburgh_south_west
24872,Ian,Murray,Labour,Edinburgh South,https://www.theyworkforyou.com/mp/24872/ian_murray/edinburgh_south
11038,Mark,Lazarowicz,Labour,Edinburgh North and Leith,https://www.theyworkforyou.com/mp/11038/mark_lazarowicz/edinburgh_north_and_leith
24763,Sheila,Gilmore,Labour,Edinburgh East,https://www.theyworkforyou.com/mp/24763/sheila_gilmore/edinburgh_east
10670,Stephen,O'Brien,Conservative,Eddisbury,https://www.theyworkforyou.com/mp/10670/stephen_o%27brien/eddisbury
11565,Christopher,Huhne,Liberal Democrat,Eastleigh,https://www.theyworkforyou.com/mp/11565/christopher_huhne/eastleigh
24754,Stephen,Lloyd,Liberal Democrat,Eastbourne,https://www.theyworkforyou.com/mp/24754/stephen_lloyd/eastbourne
11026,Greg,Knight,Conservative,East Yorkshire,https://www.theyworkforyou.com/mp/11026/greg_knight/east_yorkshire
10371,Tim,Loughton,Conservative,East Worthing and Shoreham,https://www.theyworkforyou.com/mp/10371/tim_loughton/east_worthing_and_shoreham
24789,Sam,Gyimah,Conservative,East Surrey,https://www.theyworkforyou.com/mp/24789/sam_gyimah/east_surrey
10453,Jim,Murphy,Labour,East Renfrewshire,https://www.theyworkforyou.com/mp/10453/jim_murphy/east_renfrewshire
24723,Fiona,O'Donnell,Labour,East Lothian,https://www.theyworkforyou.com/mp/24723/fiona_o%27donnell/east_lothian
10780,Gregory,Campbell,DUP,East Londonderry,https://www.theyworkforyou.com/mp/10780/gregory_campbell/east_londonderry
24717,Michael,McCann,Labour,"East Kilbride, Strathaven and Lesmahagow",https://www.theyworkforyou.com/mp/24717/michael_mccann/east_kilbride%2C_strathaven_and_lesmahagow
24782,Damian,Hinds,Conservative,East Hampshire,https://www.theyworkforyou.com/mp/24782/damian_hinds/east_hampshire
10596,Stephen,Timms,Labour,East Ham,https://www.theyworkforyou.com/mp/10596/stephen_timms/east_ham
11971,Jo,Swinson,Liberal Democrat,East Dunbartonshire,https://www.theyworkforyou.com/mp/11971/jo_swinson/east_dunbartonshire
11265,Hugo,Swire,Conservative,East Devon,https://www.theyworkforyou.com/mp/11265/hugo_swire/east_devon
11374,Sammy,Wilson,DUP,East Antrim,https://www.theyworkforyou.com/mp/11374/sammy_wilson/east_antrim
24715,Grahame,Morris,Labour,Easington,https://www.theyworkforyou.com/mp/24715/grahame_morris/easington
13934,Virendra,Sharma,Labour,"Ealing, Southall",https://www.theyworkforyou.com/mp/13934/virendra_sharma/ealing%2C_southall
10484,Steve,Pound,Labour,Ealing North,https://www.theyworkforyou.com/mp/10484/steve_pound/ealing_north
24952,Angie,Bray,Conservative,Ealing Central and Acton,https://www.theyworkforyou.com/mp/24952/angie_bray/ealing_central_and_acton
10368,Elfyn,Llwyd,Plaid Cymru,Dwyfor Meirionnydd,https://www.theyworkforyou.com/mp/10368/elfyn_llwyd/dwyfor_meirionnydd
24730,Thomas,Docherty,Labour,Dunfermline and West Fife,https://www.theyworkforyou.com/mp/24730/thomas_docherty/dunfermline_and_west_fife
11974,Jim,McGovern,Labour,Dundee West,https://www.theyworkforyou.com/mp/11974/jim_mcgovern/dundee_west
11973,Stewart,Hosie,Scottish National Party,Dundee East,https://www.theyworkforyou.com/mp/11973/stewart_hosie/dundee_east
11970,David,Mundell,Conservative,"Dumfriesshire, Clydesdale and Tweeddale",https://www.theyworkforyou.com/mp/11970/david_mundell/dumfriesshire%2C_clydesdale_and_tweeddale
10070,Russell,Brown,Labour,Dumfries and Galloway,https://www.theyworkforyou.com/mp/10070/russell_brown/dumfries_and_galloway
10326,Tessa,Jowell,Labour,Dulwich and West Norwood,https://www.theyworkforyou.com/mp/10326/tessa_jowell/dulwich_and_west_norwood
24838,Chris,Kelly,Conservative,Dudley South,https://www.theyworkforyou.com/mp/24838/chris_kelly/dudley_south
11553,Ian,Austin,Labour,Dudley North,https://www.theyworkforyou.com/mp/11553/ian_austin/dudley_north
24777,Charlie,Elphicke,Conservative,Dover,https://www.theyworkforyou.com/mp/24777/charlie_elphicke/dover
11545,Ed,Miliband,Labour,Doncaster North,https://www.theyworkforyou.com/mp/11545/ed_miliband/doncaster_north
10648,Rosie,Winterton,Labour,Doncaster Central,https://www.theyworkforyou.com/mp/10648/rosie_winterton/doncaster_central
10202,Caroline,Flint,Labour,Don Valley,https://www.theyworkforyou.com/mp/10202/caroline_flint/don_valley
24858,Simon,Reevell,Conservative,Dewsbury,https://www.theyworkforyou.com/mp/24858/simon_reevell/dewsbury
24915,Claire,Perry,Conservative,Devizes,https://www.theyworkforyou.com/mp/24915/claire_perry/devizes
10397,Patrick,McLoughlin,Conservative,Derbyshire Dales,https://www.theyworkforyou.com/mp/10397/patrick_mcloughlin/derbyshire_dales
10031,Margaret,Beckett,Labour,Derby South,https://www.theyworkforyou.com/mp/10031/margaret_beckett/derby_south
24830,Chris,Williamson,Labour,Derby North,https://www.theyworkforyou.com/mp/24830/chris_williamson/derby_north
11531,Andrew,Gwynne,Labour,Denton and Reddish,https://www.theyworkforyou.com/mp/11531/andrew_gwynne/denton_and_reddish
10259,David,Hanson,Labour,Delyn,https://www.theyworkforyou.com/mp/10259/david_hanson/delyn
24841,Chris,Heaton-Harris,Conservative,Daventry,https://www.theyworkforyou.com/mp/24841/chris_heaton-harris/daventry
24803,Gareth,Johnson,Conservative,Dartford,https://www.theyworkforyou.com/mp/24803/gareth_johnson/dartford
24711,Jenny,Chapman,Labour,Darlington,https://www.theyworkforyou.com/mp/24711/jenny_chapman/darlington
10828,Jon,Cruddas,Labour,Dagenham and Rainham,https://www.theyworkforyou.com/mp/10828/jon_cruddas/dagenham_and_rainham
10120,Ann,Clwyd,Labour,Cynon Valley,https://www.theyworkforyou.com/mp/10120/ann_clwyd/cynon_valley
24733,Gregg,McClymont,Labour,"Cumbernauld, Kilsyth and Kirkintilloch East",https://www.theyworkforyou.com/mp/24733/gregg_mcclymont/cumbernauld%2C_kilsyth_and_kirkintilloch_east
10468,Richard,Ottaway,Conservative,Croydon South,https://www.theyworkforyou.com/mp/10468/richard_ottaway/croydon_south
10633,Malcolm,Wicks,Labour,Croydon North,https://www.theyworkforyou.com/mp/10633/malcolm_wicks/croydon_north
24863,Gavin,Barwell,Conservative,Croydon Central,https://www.theyworkforyou.com/mp/24863/gavin_barwell/croydon_central
14128,Edward,Timpson,Conservative,Crewe and Nantwich,https://www.theyworkforyou.com/mp/14128/edward_timpson/crewe_and_nantwich
24802,Henry,Smith,Conservative,Crawley,https://www.theyworkforyou.com/mp/24802/henry_smith/crawley
10147,Jim,Cunningham,Labour,Coventry South,https://www.theyworkforyou.com/mp/10147/jim_cunningham/coventry_south
10506,Geoffrey,Robinson,Labour,Coventry North West,https://www.theyworkforyou.com/mp/10506/geoffrey_robinson/coventry_north_west
10005,Bob,Ainsworth,Labour,Coventry North East,https://www.theyworkforyou.com/mp/10005/bob_ainsworth/coventry_north_east
24833,Louise,Mensch,Conservative,Corby,https://www.theyworkforyou.com/mp/24833/louise_mensch/corby
11511,Jamie,Reed,Labour,Copeland,https://www.theyworkforyou.com/mp/11511/jamie_reed/copeland
24857,Fiona,Bruce,Conservative,Congleton,https://www.theyworkforyou.com/mp/24857/fiona_bruce/congleton
24887,Jason,McCartney,Conservative,Colne Valley,https://www.theyworkforyou.com/mp/24887/jason_mccartney/colne_valley
10521,Bob,Russell,Liberal Democrat,Colchester,https://www.theyworkforyou.com/mp/10521/bob_russell/colchester
10116,Tom,Clarke,Labour,"Coatbridge, Chryston and Bellshill",https://www.theyworkforyou.com/mp/10116/tom_clarke/coatbridge%2C_chryston_and_bellshill
11506,David,Jones,Conservative,Clwyd West,https://www.theyworkforyou.com/mp/11506/david_jones/clwyd_west
24720,Susan Elan,Jones,Labour,Clwyd South,https://www.theyworkforyou.com/mp/24720/susan_elan_jones/clwyd_south
24814,Martin,Vickers,Conservative,Cleethorpes,https://www.theyworkforyou.com/mp/24814/martin_vickers/cleethorpes
11621,Douglas,Carswell,Conservative,Clacton,https://www.theyworkforyou.com/mp/11621/douglas_carswell/clacton
11558,Roberta,Blackman-Woods,Labour,City of Durham,https://www.theyworkforyou.com/mp/11558/roberta_blackman-woods/city_of_durham
24750,Stephen,Mosley,Conservative,City of Chester,https://www.theyworkforyou.com/mp/24750/stephen_mosley/city_of_chester
10884,Mark,Field,Conservative,Cities of London and Westminster,https://www.theyworkforyou.com/mp/10884/mark_field/cities_of_london_and_westminster
10103,Christopher,Chope,Conservative,Christchurch,https://www.theyworkforyou.com/mp/10103/christopher_chope/christchurch
10295,Lindsay,Hoyle,Labour,Chorley,https://www.theyworkforyou.com/mp/10295/lindsay_hoyle/chorley
11500,Theresa,Villiers,Conservative,Chipping Barnet,https://www.theyworkforyou.com/mp/11500/theresa_villiers/chipping_barnet
24865,Duncan,Hames,Liberal Democrat,Chippenham,https://www.theyworkforyou.com/mp/24865/duncan_hames/chippenham
10180,Iain,Duncan Smith,Conservative,Chingford and Woodford Green,https://www.theyworkforyou.com/mp/10180/iain_duncan_smith/chingford_and_woodford_green
10613,Andrew,Tyrie,Conservative,Chichester,https://www.theyworkforyou.com/mp/10613/andrew_tyrie/chichester
24845,Toby,Perkins,Labour,Chesterfield,https://www.theyworkforyou.com/mp/24845/toby_perkins/chesterfield
10228,Cheryl,Gillan,Conservative,Chesham and Amersham,https://www.theyworkforyou.com/mp/10228/cheryl_gillan/chesham_and_amersham
11494,Martin,Horwood,Liberal Democrat,Cheltenham,https://www.theyworkforyou.com/mp/11494/martin_horwood/cheltenham
11610,Greg,Hands,Conservative,Chelsea and Fulham,https://www.theyworkforyou.com/mp/11610/greg_hands/chelsea_and_fulham
10079,Simon,Burns,Conservative,Chelmsford,https://www.theyworkforyou.com/mp/10079/simon_burns/chelmsford
12016,Mark,Hunter,Liberal Democrat,Cheadle,https://www.theyworkforyou.com/mp/12016/mark_hunter/cheadle
24871,Tracey,Crouch,Conservative,Chatham and Aylesford,https://www.theyworkforyou.com/mp/24871/tracey_crouch/chatham_and_aylesford
10175,Stephen,Dorrell,Conservative,Charnwood,https://www.theyworkforyou.com/mp/10175/stephen_dorrell/charnwood
11489,Mark,Williams,Liberal Democrat,Ceredigion,https://www.theyworkforyou.com/mp/11489/mark_williams/ceredigion
24756,Daniel,Poulter,Conservative,Central Suffolk and North Ipswich,https://www.theyworkforyou.com/mp/24756/daniel_poulter/central_suffolk_and_north_ipswich
24914,Mel,Stride,Conservative,Central Devon,https://www.theyworkforyou.com/mp/24914/mel_stride/central_devon
10173,Brian H,Donohoe,Labour,Central Ayrshire,https://www.theyworkforyou.com/mp/10173/brian_h_donohoe/central_ayrshire
24731,Rebecca,Harris,Conservative,Castle Point,https://www.theyworkforyou.com/mp/24731/rebecca_harris/castle_point
10063,Tom,Brake,Liberal Democrat,Carshalton and Wallington,https://www.theyworkforyou.com/mp/10063/tom_brake/carshalton_and_wallington
24813,Simon,Hart,Conservative,Carmarthen West and South Pembrokeshire,https://www.theyworkforyou.com/mp/24813/simon_hart/carmarthen_west_and_south_pembrokeshire
24743,Jonathan,Edwards,Plaid Cymru,Carmarthen East and Dinefwr,https://www.theyworkforyou.com/mp/24743/jonathan_edwards/carmarthen_east_and_dinefwr
24799,John,Stevenson,Conservative,Carlisle,https://www.theyworkforyou.com/mp/24799/john_stevenson/carlisle
10753,Kevin,Brennan,Labour,Cardiff West,https://www.theyworkforyou.com/mp/10753/kevin_brennan/cardiff_west
10431,Alun,Michael,Labour,Cardiff South and Penarth,https://www.theyworkforyou.com/mp/10431/alun_michael/cardiff_south_and_penarth
22650,Jonathan,Evans,Conservative,Cardiff North,https://www.theyworkforyou.com/mp/22650/jonathan_evans/cardiff_north
11480,Jennifer,Willott,Liberal Democrat,Cardiff Central,https://www.theyworkforyou.com/mp/11480/jennifer_willott/cardiff_central
10065,Julian,Brazier,Conservative,Canterbury,https://www.theyworkforyou.com/mp/10065/julian_brazier/canterbury
24844,Aidan,Burley,Conservative,Cannock Chase,https://www.theyworkforyou.com/mp/24844/aidan_burley/cannock_chase
24892,Julian,Huppert,Liberal Democrat,Cambridge,https://www.theyworkforyou.com/mp/24892/julian_huppert/cambridge
24933,George,Eustice,Conservative,Camborne and Redruth,https://www.theyworkforyou.com/mp/24933/george_eustice/camborne_and_redruth
10260,Harriet,Harman,Labour,Camberwell and Peckham,https://www.theyworkforyou.com/mp/10260/harriet_harman/camberwell_and_peckham
24944,Craig,Whittaker,Conservative,Calder Valley,https://www.theyworkforyou.com/mp/24944/craig_whittaker/calder_valley
11280,John,Thurso,Liberal Democrat,"Caithness, Sutherland and Easter Ross",https://www.theyworkforyou.com/mp/11280/john_thurso/caithness%2C_sutherland_and_easter_ross
10842,Wayne,David,Labour,Caerphilly,https://www.theyworkforyou.com/mp/10842/wayne_david/caerphilly
10520,David,Ruffley,Conservative,Bury St Edmunds,https://www.theyworkforyou.com/mp/10520/david_ruffley/bury_st_edmunds
10357,Ivan,Lewis,Labour,Bury South,https://www.theyworkforyou.com/mp/10357/ivan_lewis/bury_south
24877,David,Nuttall,Conservative,Bury North,https://www.theyworkforyou.com/mp/24877/david_nuttall/bury_north
24826,Andrew,Griffiths,Conservative,Burton,https://www.theyworkforyou.com/mp/24826/andrew_griffiths/burton
24793,Gordon,Birtwistle,Liberal Democrat,Burnley,https://www.theyworkforyou.com/mp/24793/gordon_birtwistle/burnley
10040,John,Bercow,Speaker,Buckingham,https://www.theyworkforyou.com/mp/10040/john_bercow/buckingham
24772,Anna,Soubry,Conservative,Broxtowe,https://www.theyworkforyou.com/mp/24772/anna_soubry/broxtowe
11461,Charles,Walker,Conservative,Broxbourne,https://www.theyworkforyou.com/mp/11461/charles_walker/broxbourne
24854,Sajid,Javid,Conservative,Bromsgrove,https://www.theyworkforyou.com/mp/24854/sajid_javid/bromsgrove
13736,Bob,Neill,Conservative,Bromley and Chislehurst,https://www.theyworkforyou.com/mp/13736/bob_neill/bromley_and_chislehurst
10542,Keith,Simpson,Conservative,Broadland,https://www.theyworkforyou.com/mp/10542/keith_simpson/broadland
11458,Stephen,Williams,Liberal Democrat,Bristol West,https://www.theyworkforyou.com/mp/11458/stephen_williams/bristol_west
10489,Dawn,Primarolo,Labour,Bristol South,https://www.theyworkforyou.com/mp/10489/dawn_primarolo/bristol_south
24891,Charlotte,Leslie,Conservative,Bristol North West,https://www.theyworkforyou.com/mp/24891/charlotte_leslie/bristol_north_west
11455,Kerry,McCarthy,Labour,Bristol East,https://www.theyworkforyou.com/mp/11455/kerry_mccarthy/bristol_east
24910,Caroline,Lucas,Green,"Brighton, Pavilion",https://www.theyworkforyou.com/mp/24910/caroline_lucas/brighton%2C_pavilion
24900,Simon,Kirby,Conservative,"Brighton, Kemptown",https://www.theyworkforyou.com/mp/24900/simon_kirby/brighton%2C_kemptown
24832,Andrew,Percy,Conservative,Brigg and Goole,https://www.theyworkforyou.com/mp/24832/andrew_percy/brigg_and_goole
11048,Ian,Liddell-Grainger,Conservative,Bridgwater and West Somerset,https://www.theyworkforyou.com/mp/11048/ian_liddell-grainger/bridgwater_and_west_somerset
11450,Madeleine,Moon,Labour,Bridgend,https://www.theyworkforyou.com/mp/11450/madeleine_moon/bridgend
10477,Eric,Pickles,Conservative,Brentwood and Ongar,https://www.theyworkforyou.com/mp/10477/eric_pickles/brentwood_and_ongar
24913,Mary,Macleod,Conservative,Brentford and Isleworth,https://www.theyworkforyou.com/mp/24913/mary_macleod/brentford_and_isleworth
10220,Barry,Gardiner,Labour,Brent North,https://www.theyworkforyou.com/mp/10220/barry_gardiner/brent_north
11350,Sarah,Teather,Liberal Democrat,Brent Central,https://www.theyworkforyou.com/mp/11350/sarah_teather/brent_central
11324,Roger,Williams,Liberal Democrat,Brecon and Radnorshire,https://www.theyworkforyou.com/mp/11324/roger_williams/brecon_and_radnorshire
11443,Brooks,Newmark,Conservative,Braintree,https://www.theyworkforyou.com/mp/11443/brooks_newmark/braintree
10543,Marsha,Singh,Labour,Bradford West,https://www.theyworkforyou.com/mp/10543/marsha_singh/bradford_west
10579,Gerry,Sutcliffe,Labour,Bradford South,https://www.theyworkforyou.com/mp/10579/gerry_sutcliffe/bradford_south
24946,David,Ward,Liberal Democrat,Bradford East,https://www.theyworkforyou.com/mp/24946/david_ward/bradford_east
24765,Phillip,Lee,Conservative,Bracknell,https://www.theyworkforyou.com/mp/24765/phillip_lee/bracknell
24780,Conor,Burns,Conservative,Bournemouth West,https://www.theyworkforyou.com/mp/24780/conor_burns/bournemouth_west
11437,Tobias,Ellwood,Conservative,Bournemouth East,https://www.theyworkforyou.com/mp/11437/tobias_ellwood/bournemouth_east
10602,David,Tredinnick,Conservative,Bosworth,https://www.theyworkforyou.com/mp/10602/david_tredinnick/bosworth
11224,Mark,Simmonds,Conservative,Boston and Skegness,https://www.theyworkforyou.com/mp/11224/mark_simmonds/boston_and_skegness
10039,Joe,Benton,Labour,Bootle,https://www.theyworkforyou.com/mp/10039/joe_benton/bootle
24881,Julie,Hilling,Labour,Bolton West,https://www.theyworkforyou.com/mp/24881/julie_hilling/bolton_west
24775,Yasmin,Qureshi,Labour,Bolton South East,https://www.theyworkforyou.com/mp/24775/yasmin_qureshi/bolton_south_east
10141,David,Crausby,Labour,Bolton North East,https://www.theyworkforyou.com/mp/10141/david_crausby/bolton_north_east
10544,Dennis,Skinner,Labour,Bolsover,https://www.theyworkforyou.com/mp/10544/dennis_skinner/bolsover
10225,Nick,Gibb,Conservative,Bognor Regis and Littlehampton,https://www.theyworkforyou.com/mp/10225/nick_gibb/bognor_regis_and_littlehampton
10089,Ronnie,Campbell,Labour,Blyth Valley,https://www.theyworkforyou.com/mp/10089/ronnie_campbell/blyth_valley
11427,David,Anderson,Labour,Blaydon,https://www.theyworkforyou.com/mp/11427/david_anderson/blaydon
24728,Nick,Smith,Labour,Blaenau Gwent,https://www.theyworkforyou.com/mp/24728/nick_smith/blaenau_gwent
10415,Gordon,Marsden,Labour,Blackpool South,https://www.theyworkforyou.com/mp/10415/gordon_marsden/blackpool_south
24764,Paul,Maynard,Conservative,Blackpool North and Cleveleys,https://www.theyworkforyou.com/mp/24764/paul_maynard/blackpool_north_and_cleveleys
10576,Graham,Stringer,Labour,Blackley and Broughton,https://www.theyworkforyou.com/mp/10576/graham_stringer/blackley_and_broughton
10574,Jack,Straw,Labour,Blackburn,https://www.theyworkforyou.com/mp/10574/jack_straw/blackburn
11421,Helen,Goodman,Labour,Bishop Auckland,https://www.theyworkforyou.com/mp/11421/helen_goodman/bishop_auckland
11420,John,Hemming,Liberal Democrat,"Birmingham, Yardley",https://www.theyworkforyou.com/mp/11420/john_hemming/birmingham%2C_yardley
10377,Steve,McCabe,Labour,"Birmingham, Selly Oak",https://www.theyworkforyou.com/mp/10377/steve_mccabe/birmingham%2C_selly_oak
11087,Khalid,Mahmood,Labour,"Birmingham, Perry Barr",https://www.theyworkforyou.com/mp/11087/khalid_mahmood/birmingham%2C_perry_barr
10076,Richard,Burden,Labour,"Birmingham, Northfield",https://www.theyworkforyou.com/mp/10076/richard_burden/birmingham%2C_northfield
24788,Shabana,Mahmood,Labour,"Birmingham, Ladywood",https://www.theyworkforyou.com/mp/24788/shabana_mahmood/birmingham%2C_ladywood
11360,Liam,Byrne,Labour,"Birmingham, Hodge Hill",https://www.theyworkforyou.com/mp/11360/liam_byrne/birmingham%2C_hodge_hill
10231,Roger,Godsiff,Labour,"Birmingham, Hall Green",https://www.theyworkforyou.com/mp/10231/roger_godsiff/birmingham%2C_hall_green
24825,Jack,Dromey,Labour,"Birmingham, Erdington",https://www.theyworkforyou.com/mp/24825/jack_dromey/birmingham%2C_erdington
10577,Gisela,Stuart,Labour,"Birmingham, Edgbaston",https://www.theyworkforyou.com/mp/10577/gisela_stuart/birmingham%2C_edgbaston
10197,Frank,Field,Labour,Birkenhead,https://www.theyworkforyou.com/mp/10197/frank_field/birkenhead
11408,David,Evennett,Conservative,Bexleyheath and Crayford,https://www.theyworkforyou.com/mp/11408/david_evennett/bexleyheath_and_crayford
10713,Gregory,Barker,Conservative,Bexhill and Battle,https://www.theyworkforyou.com/mp/10713/gregory_barker/bexhill_and_battle
11406,Graham,Stuart,Conservative,Beverley and Holderness,https://www.theyworkforyou.com/mp/11406/graham_stuart/beverley_and_holderness
24958,Rushanara,Ali,Labour,Bethnal Green and Bow,https://www.theyworkforyou.com/mp/24958/rushanara_ali/bethnal_green_and_bow
10034,Alan,Beith,Liberal Democrat,Berwick-upon-Tweed,https://www.theyworkforyou.com/mp/10034/alan_beith/berwick-upon-tweed
10439,Michael,Moore,Liberal Democrat,"Berwickshire, Roxburgh and Selkirk",https://www.theyworkforyou.com/mp/10439/michael_moore/berwickshire%2C_roxburgh_and_selkirk
10298,Simon,Hughes,Liberal Democrat,Bermondsey and Old Southwark,https://www.theyworkforyou.com/mp/10298/simon_hughes/bermondsey_and_old_southwark
10002,Gerry,Adams,Sinn Fein,Belfast West,https://www.theyworkforyou.com/mp/10002/gerry_adams/belfast_west
11402,Alasdair,McDonnell,Social Democratic and Labour Party,Belfast South,https://www.theyworkforyou.com/mp/11402/alasdair_mcdonnell/belfast_south
10857,Nigel,Dodds,DUP,Belfast North,https://www.theyworkforyou.com/mp/10857/nigel_dodds/belfast_north
13814,Naomi,Long,Alliance,Belfast East,https://www.theyworkforyou.com/mp/13814/naomi_long/belfast_east
24787,Richard,Fuller,Conservative,Bedford,https://www.theyworkforyou.com/mp/24787/richard_fuller/bedford
24907,Bob,Stewart,Conservative,Beckenham,https://www.theyworkforyou.com/mp/24907/bob_stewart/beckenham
10243,Dominic,Grieve,Conservative,Beaconsfield,https://www.theyworkforyou.com/mp/10243/dominic_grieve/beaconsfield
24719,Jane,Ellison,Conservative,Battersea,https://www.theyworkforyou.com/mp/24719/jane_ellison/battersea
10650,Mike,Wood,Labour,Batley and Spen,https://www.theyworkforyou.com/mp/10650/mike_wood/batley_and_spen
10208,Don,Foster,Liberal Democrat,Bath,https://www.theyworkforyou.com/mp/10208/don_foster/bath
11093,John,Mann,Labour,Bassetlaw,https://www.theyworkforyou.com/mp/11093/john_mann/bassetlaw
11389,Maria,Miller,Conservative,Basingstoke,https://www.theyworkforyou.com/mp/11389/maria_miller/basingstoke
10715,John,Baron,Conservative,Basildon and Billericay,https://www.theyworkforyou.com/mp/10715/john_baron/basildon_and_billericay
24837,John,Woodcock,Labour,Barrow and Furness,https://www.theyworkforyou.com/mp/24837/john_woodcock/barrow_and_furness
24762,Michael,Dugher,Labour,Barnsley East,https://www.theyworkforyou.com/mp/24762/michael_dugher/barnsley_east
10305,Eric,Illsley,Labour,Barnsley Central,https://www.theyworkforyou.com/mp/10305/eric_illsley/barnsley_central
10281,Margaret,Hodge,Labour,Barking,https://www.theyworkforyou.com/mp/10281/margaret_hodge/barking
24812,Eilidh,Whiteford,Scottish National Party,Banff and Buchan,https://www.theyworkforyou.com/mp/24812/eilidh_whiteford/banff_and_buchan
10023,Tony,Baldry,Conservative,Banbury,https://www.theyworkforyou.com/mp/10023/tony_baldry/banbury
10467,Sandra,Osborne,Labour,"Ayr, Carrick and Cumnock",https://www.theyworkforyou.com/mp/10467/sandra_osborne/ayr%2C_carrick_and_cumnock
10361,David,Lidington,Conservative,Aylesbury,https://www.theyworkforyou.com/mp/10361/david_lidington/aylesbury
10961,David,Heyes,Labour,Ashton-under-Lyne,https://www.theyworkforyou.com/mp/10961/david_heyes/ashton-under-lyne
10241,Damian,Green,Conservative,Ashford,https://www.theyworkforyou.com/mp/10241/damian_green/ashford
24811,Gloria,De Piero,Labour,Ashfield,https://www.theyworkforyou.com/mp/24811/gloria_de_piero/ashfield
11377,Nick,Herbert,Conservative,Arundel and South Downs,https://www.theyworkforyou.com/mp/11377/nick_herbert/arundel_and_south_downs
11185,Alan,Reid,Liberal Democrat,Argyll and Bute,https://www.theyworkforyou.com/mp/11185/alan_reid/argyll_and_bute
11323,Hywel,Williams,Plaid Cymru,Arfon,https://www.theyworkforyou.com/mp/11323/hywel_williams/arfon
11312,Michael,Weir,Scottish National Party,Angus,https://www.theyworkforyou.com/mp/11312/michael_weir/angus
24965,Nigel,Mills,Conservative,Amber Valley,https://www.theyworkforyou.com/mp/24965/nigel_mills/amber_valley
11267,Mark,Tami,Labour,Alyn and Deeside,https://www.theyworkforyou.com/mp/11267/mark_tami/alyn_and_deeside
10062,Graham,Brady,Conservative,Altrincham and Sale West,https://www.theyworkforyou.com/mp/10062/graham_brady/altrincham_and_sale_west
10537,Richard,Shepherd,Conservative,Aldridge-Brownhills,https://www.theyworkforyou.com/mp/10537/richard_shepherd/aldridge-brownhills
10293,Gerald,Howarth,Conservative,Aldershot,https://www.theyworkforyou.com/mp/10293/gerald_howarth/aldershot
24737,Pamela,Nash,Labour,Airdrie and Shotts,https://www.theyworkforyou.com/mp/24737/pamela_nash/airdrie_and_shotts
10032,Anne,Begg,Labour,Aberdeen South,https://www.theyworkforyou.com/mp/10032/anne_begg/aberdeen_south
10174,Frank,Doran,Labour,Aberdeen North,https://www.theyworkforyou.com/mp/10174/frank_doran/aberdeen_north
24736,Guto,Bebb,Conservative,Aberconwy,https://www.theyworkforyou.com/mp/24736/guto_bebb/aberconwy
10900,Hywel,Francis,Labour,Aberavon,https://www.theyworkforyou.com/mp/10900/hywel_francis/aberavon
,,,Conservative,Thirsk and Malton,
